candidate_id,name,email,current_title,current_company,total_exp_years,skills,education,certifications,projects,industry_experience,activity_signals,career_growth_score,engagement_score,location,expected_ctc_lpa
CAND0001,Sanjay Reddy,sanjay_reddy1@talentmind.ai,Full Stack Developer,Salesforce,6.0,"[""Pandas"", ""CI/CD"", ""Django"", ""PyTorch"", ""FastAPI""]","[{""degree"": ""M.Sc Data Science"", ""institution"": ""NIT Trichy"", ""year"": 2017}]",[],"[{""title"": ""Project Vanguard"", ""description"": ""Developed an automated pipeline using Pandas, CI/CD for scalable matching."", ""tech_stack"": [""Pandas"", ""CI/CD"", ""Django""]}]",E-commerce,"{""recent_certifications"": 0, ""recent_projects"": 1, ""github_commits"": 59, ""open_source_prs"": 2}",0.45,0.82,Hyderabad,16.0
CAND0002,Dev Mehta,dev_mehta2@talentmind.ai,Frontend Developer,Swiggy,6.7,"[""JavaScript"", ""AWS"", ""GCP"", ""MongoDB"", ""Django"", ""TypeScript""]","[{""degree"": ""M.Sc Data Science"", ""institution"": ""VIT Vellore"", ""year"": 2015}]",[],"[{""title"": ""Project Vanguard"", ""description"": ""Developed an automated pipeline using JavaScript, AWS for scalable matching."", ""tech_stack"": [""JavaScript"", ""AWS"", ""GCP""]}]",SaaS,"{""recent_certifications"": 0, ""recent_projects"": 1, ""github_commits"": 29, ""open_source_prs"": 6}",0.81,0.58,Delhi,17.1
CAND0003,Priya Choudhury,priya_choudhury3@talentmind.ai,Software Engineer,Microsoft,10.9,"[""PostgreSQL"", ""Deep Learning"", ""React"", ""Java"", ""AWS""]","[{""degree"": ""M.Tech Software Engineering"", ""institution"": ""BITS Pilani"", ""year"": 2012}]","[{""title"": ""Google Cloud Professional Data Engineer"", ""issuer"": ""DeepLearning.AI"", ""year"": 2026}]","[{""title"": ""Project Omega"", ""description"": ""Developed an automated pipeline using PostgreSQL, Deep Learning for scalable matching."", ""tech_stack"": [""PostgreSQL"", ""Deep Learning"", ""React""]}]","Telecommunications,SaaS,Healthcare","{""recent_certifications"": 1, ""recent_projects"": 1, ""github_commits"": 137, ""open_source_prs"": 8}",0.57,0.89,Pune,30.3
CAND0004,Rohan Verma,rohan_verma4@talentmind.ai,Senior Software Engineer,TCS,9.1,"[""Spark"", ""GCP"", ""TypeScript"", ""PyTorch"", ""Pandas"", ""React"", ""Node.js"", ""Django"", ""Docker""]","[{""degree"": ""B.Sc CS"", ""institution"": ""IIT Delhi"", ""year"": 2013}]","[{""title"": ""Google Cloud Professional Data Engineer"", ""issuer"": ""Google Cloud"", ""year"": 2025}]","[{""title"": ""Project Alpha"", ""description"": ""Developed an automated pipeline using Spark, GCP for scalable matching."", ""tech_stack"": [""Spark"", ""GCP"", ""TypeScript""]}]",Telecommunications,"{""recent_certifications"": 1, ""recent_projects"": 1, ""github_commits"": 150, ""open_source_prs"": 5}",0.65,0.43,Pune,42.6
CAND0005,Karan Iyer,karan_iyer5@talentmind.ai,ML Engineer,Google,7.5,"[""PyTorch"", ""Pandas"", ""PostgreSQL"", ""FastAPI"", ""TypeScript"", ""Machine Learning"", ""Spark"", ""Node.js"", ""Python"", ""CI/CD"", ""Redis""]","[{""degree"": ""B.Tech Computer Science"", ""institution"": ""VIT Vellore"", ""year"": 2014}]","[{""title"": ""Google Cloud Professional Data Engineer"", ""issuer"": ""DeepLearning.AI"", ""year"": 2026}]","[{""title"": ""Project Alpha"", ""description"": ""Developed an automated pipeline using PyTorch, Pandas for scalable matching."", ""tech_stack"": [""PyTorch"", ""Pandas"", ""PostgreSQL""]}]","Healthcare,E-commerce","{""recent_certifications"": 1, ""recent_projects"": 1, ""github_commits"": 130, ""open_source_prs"": 3}",0.7,0.66,Hyderabad,8.8
CAND0006,Vikram Rao,vikram_rao6@talentmind.ai,Lead Data Scientist,CRED,6.1,"[""React"", ""PyTorch"", ""Pandas"", ""FastAPI"", ""Machine Learning"", ""JavaScript"", ""TensorFlow"", ""Python"", ""CI/CD"", ""Django"", ""Kubernetes"", ""Java""]","[{""degree"": ""B.Tech Computer Science"", ""institution"": ""IIT Delhi"", ""year"": 2015}]",[],"[{""title"": ""Project Alpha"", ""description"": ""Developed an automated pipeline using React, PyTorch for scalable matching."", ""tech_stack"": [""React"", ""PyTorch"", ""Pandas""]}]","Logistics,EdTech","{""recent_certifications"": 0, ""recent_projects"": 1, ""github_commits"": 61, ""open_source_prs"": 5}",0.68,0.73,Mumbai,13.4
CAND0007,Shreya Roy,shreya_roy7@talentmind.ai,Lead Data Scientist,Google,10.5,"[""PyTorch"", ""Pandas"", ""PostgreSQL"", ""FastAPI"", ""Machine Learning"", ""AWS"", ""Python"", ""MongoDB"", ""Django"", ""GCP"", ""Java""]","[{""degree"": ""M.Sc Data Science"", ""institution"": ""VIT Vellore"", ""year"": 2011}]","[{""title"": ""AWS Certified Solutions Architect"", ""issuer"": ""Google Cloud"", ""year"": 2026}]","[{""title"": ""Project Beta"", ""description"": ""Developed an automated pipeline using PyTorch, Pandas for scalable matching."", ""tech_stack"": [""PyTorch"", ""Pandas"", ""PostgreSQL""]}]",Logistics,"{""recent_certifications"": 1, ""recent_projects"": 1, ""github_commits"": 240, ""open_source_prs"": 7}",0.94,0.72,Bangalore,8.6
CAND0008,Amit Iyer,amit_iyer8@talentmind.ai,Backend Developer,Wipro,7.8,"[""Java"", ""Spark"", ""PostgreSQL"", ""PyTorch"", ""TypeScript"", ""JavaScript"", ""GCP"", ""Redis"", ""TensorFlow"", ""Docker""]","[{""degree"": ""B.Tech Computer Science"", ""institution"": ""IIT Delhi"", ""year"": 2014}]","[{""title"": ""Google Cloud Professional Data Engineer"", ""issuer"": ""AWS"", ""year"": 2025}]","[{""title"": ""Project Alpha"", ""description"": ""Developed an automated pipeline using Java, Spark for scalable matching."", ""tech_stack"": [""Java"", ""Spark"", ""PostgreSQL""]}]",E-commerce,"{""recent_certifications"": 1, ""recent_projects"": 1, ""github_commits"": 65, ""open_source_prs"": 8}",0.45,0.46,Mumbai,35.4
CAND0009,Sneha Bose,sneha_bose9@talentmind.ai,Frontend Developer,Zomato,13.6,"[""React"", ""Java"", ""Django"", ""CI/CD"", ""PyTorch"", ""FastAPI"", ""TypeScript"", ""Python""]","[{""degree"": ""M.Sc Data Science"", ""institution"": ""Delhi University"", ""year"": 2009}]","[{""title"": ""Google Cloud Professional Data Engineer"", ""issuer"": ""AWS"", ""year"": 2024}]","[{""title"": ""Project Alpha"", ""description"": ""Developed an automated pipeline using React, Java for scalable matching."", ""tech_stack"": [""React"", ""Java"", ""Django""]}]",SaaS,"{""recent_certifications"": 1, ""recent_projects"": 1, ""github_commits"": 166, ""open_source_prs"": 1}",0.95,0.57,Mumbai,37.4
CAND0010,Priya Rao,priya_rao10@talentmind.ai,Frontend Developer,Paytm,1.9,"[""MongoDB"", ""FastAPI"", ""Node.js"", ""Kubernetes"", ""TensorFlow""]","[{""degree"": ""B.Sc CS"", ""institution"": ""IIT Delhi"", ""year"": 2020}]","[{""title"": ""AWS Certified Solutions Architect"", ""issuer"": ""Google Cloud"", ""year"": 2025}]","[{""title"": ""Project Beta"", ""description"": ""Developed an automated pipeline using MongoDB, FastAPI for scalable matching."", ""tech_stack"": [""MongoDB"", ""FastAPI"", ""Node.js""]}]","Healthcare,Logistics","{""recent_certifications"": 1, ""recent_projects"": 1, ""github_commits"": 114, ""open_source_prs"": 2}",0.73,0.64,Delhi,46.9
CAND0011,Kabir Sharma,kabir_sharma11@talentmind.ai,Senior ML Engineer,Microsoft,11.9,"[""React"", ""PyTorch"", ""Pandas"", ""PostgreSQL"", ""Machine Learning"", ""Python"", ""MongoDB"", ""CI/CD"", ""Kubernetes"", ""Java""]","[{""degree"": ""M.Sc Data Science"", ""institution"": ""Delhi University"", ""year"": 2010}]","[{""title"": ""Google Cloud Professional Data Engineer"", ""issuer"": ""DeepLearning.AI"", ""year"": 2025}]","[{""title"": ""Project Alpha"", ""description"": ""Developed an automated pipeline using React, PyTorch for scalable matching."", ""tech_stack"": [""React"", ""PyTorch"", ""Pandas""]}]","EdTech,E-commerce","{""recent_certifications"": 1, ""recent_projects"": 1, ""github_commits"": 33, ""open_source_prs"": 2}",0.76,0.55,Bangalore,43.8
CAND0012,Raj Patel,raj_patel12@talentmind.ai,Lead Data Scientist,TCS,4.2,"[""Terraform"", ""React"", ""PyTorch"", ""Pandas"", ""PostgreSQL"", ""Machine Learning"", ""Node.js"", ""AWS"", ""Python"", ""GCP"", ""Kubernetes"", ""TypeScript""]","[{""degree"": ""M.Sc Data Science"", ""institution"": ""PES University"", ""year"": 2018}]","[{""title"": ""Google Cloud Professional Data Engineer"", ""issuer"": ""Google Cloud"", ""year"": 2024}]","[{""title"": ""Project Beta"", ""description"": ""Developed an automated pipeline using Terraform, React for scalable matching."", ""tech_stack"": [""Terraform"", ""React"", ""PyTorch""]}]","EdTech,SaaS,E-commerce","{""recent_certifications"": 1, ""recent_projects"": 1, ""github_commits"": 245, ""open_source_prs"": 3}",0.63,0.88,Bangalore,10.3
CAND0013,Priya Sharma,priya_sharma13@talentmind.ai,AI Engineer,Razorpay,5.0,"[""Docker"", ""PyTorch"", ""MongoDB"", ""React"", ""Spark"", ""Terraform"", ""FastAPI"", ""Pandas"", ""Kubernetes"", ""CI/CD""]","[{""degree"": ""B.Tech Computer Science"", ""institution"": ""NIT Trichy"", ""year"": 2018}]","[{""title"": ""Google Cloud Professional Data Engineer"", ""issuer"": ""AWS"", ""year"": 2026}]","[{""title"": ""Project Alpha"", ""description"": ""Developed an automated pipeline using Docker, PyTorch for scalable matching."", ""tech_stack"": [""Docker"", ""PyTorch"", ""MongoDB""]}]","SaaS,E-commerce,EdTech","{""recent_certifications"": 1, ""recent_projects"": 1, ""github_commits"": 222, ""open_source_prs"": 6}",0.49,0.35,Mumbai,44.4
CAND0014,Shreya Kapoor,shreya_kapoor14@talentmind.ai,DevOps Engineer,Zomato,6.9,"[""Spark"", ""Java"", ""Docker"", ""Deep Learning"", ""TypeScript"", ""Python""]","[{""degree"": ""M.Tech Software Engineering"", ""institution"": ""BITS Pilani"", ""year"": 2016}]","[{""title"": ""TensorFlow Developer Certificate"", ""issuer"": ""DeepLearning.AI"", ""year"": 2025}]","[{""title"": ""Project Beta"", ""description"": ""Developed an automated pipeline using Spark, Java for scalable matching."", ""tech_stack"": [""Spark"", ""Java"", ""Docker""]}]","Telecommunications,EdTech,Finance","{""recent_certifications"": 1, ""recent_projects"": 1, ""github_commits"": 59, ""open_source_prs"": 2}",0.43,0.43,Delhi,13.0
CAND0015,Vikram Dubey,vikram_dubey15@talentmind.ai,Cloud Solutions Architect,Google,3.6,"[""Node.js"", ""Terraform"", ""AWS"", ""Pandas"", ""Java"", ""Spark""]","[{""degree"": ""M.Sc Data Science"", ""institution"": ""PES University"", ""year"": 2019}]","[{""title"": ""AWS Certified Solutions Architect"", ""issuer"": ""DeepLearning.AI"", ""year"": 2024}]","[{""title"": ""Project Alpha"", ""description"": ""Developed an automated pipeline using Node.js, Terraform for scalable matching."", ""tech_stack"": [""Node.js"", ""Terraform"", ""AWS""]}]","Finance,Healthcare","{""recent_certifications"": 1, ""recent_projects"": 1, ""github_commits"": 78, ""open_source_prs"": 3}",0.91,0.73,Pune,44.3
CAND0016,Aditi Mehta,aditi_mehta16@talentmind.ai,Frontend Developer,Adobe,3.8,"[""Deep Learning"", ""Redis"", ""Docker"", ""Kubernetes"", ""Pandas"", ""FastAPI""]","[{""degree"": ""M.Sc Data Science"", ""institution"": ""BITS Pilani"", ""year"": 2018}]","[{""title"": ""Google Cloud Professional Data Engineer"", ""issuer"": ""AWS"", ""year"": 2026}]","[{""title"": ""Project Beta"", ""description"": ""Developed an automated pipeline using Deep Learning, Redis for scalable matching."", ""tech_stack"": [""Deep Learning"", ""Redis"", ""Docker""]}]","Finance,SaaS,Logistics","{""recent_certifications"": 1, ""recent_projects"": 1, ""github_commits"": 145, ""open_source_prs"": 6}",0.85,0.83,Mumbai,18.5
CAND0017,Amit Dubey,amit_dubey17@talentmind.ai,Backend Developer,Cognizant,2.8,"[""AWS"", ""Pandas"", ""Kubernetes"", ""Python"", ""MongoDB""]","[{""degree"": ""M.Tech Software Engineering"", ""institution"": ""Delhi University"", ""year"": 2020}]","[{""title"": ""TensorFlow Developer Certificate"", ""issuer"": ""Google Cloud"", ""year"": 2024}]","[{""title"": ""Project Omega"", ""description"": ""Developed an automated pipeline using AWS, Pandas for scalable matching."", ""tech_stack"": [""AWS"", ""Pandas"", ""Kubernetes""]}]","Finance,EdTech,Healthcare","{""recent_certifications"": 1, ""recent_projects"": 1, ""github_commits"": 62, ""open_source_prs"": 8}",0.87,0.86,Bangalore,15.2
CAND0018,Aisha Das,aisha_das18@talentmind.ai,Lead Data Scientist,Zomato,8.1,"[""Terraform"", ""PyTorch"", ""Pandas"", ""Deep Learning"", ""FastAPI"", ""Machine Learning"", ""Spark"", ""Node.js"", ""Python"", ""Docker"", ""CI/CD"", ""React"", ""GCP""]","[{""degree"": ""M.Tech Software Engineering"", ""institution"": ""BITS Pilani"", ""year"": 2013}]",[],"[{""title"": ""Project Vanguard"", ""description"": ""Developed an automated pipeline using Terraform, PyTorch for scalable matching."", ""tech_stack"": [""Terraform"", ""PyTorch"", ""Pandas""]}]","SaaS,E-commerce,Finance","{""recent_certifications"": 0, ""recent_projects"": 1, ""github_commits"": 188, ""open_source_prs"": 5}",0.67,0.84,Hyderabad,22.6
CAND0019,Dev Verma,dev_verma19@talentmind.ai,Software Engineer,Infosys,12.1,"[""Kubernetes"", ""MongoDB"", ""FastAPI"", ""PostgreSQL"", ""Django"", ""Node.js"", ""Deep Learning"", ""React""]","[{""degree"": ""M.Sc Data Science"", ""institution"": ""BITS Pilani"", ""year"": 2010}]","[{""title"": ""AWS Certified Solutions Architect"", ""issuer"": ""Google Cloud"", ""year"": 2026}]","[{""title"": ""Project Alpha"", ""description"": ""Developed an automated pipeline using Kubernetes, MongoDB for scalable matching."", ""tech_stack"": [""Kubernetes"", ""MongoDB"", ""FastAPI""]}]",Telecommunications,"{""recent_certifications"": 1, ""recent_projects"": 1, ""github_commits"": 116, ""open_source_prs"": 5}",0.73,0.55,Hyderabad,39.4
CAND0020,Aditi Kapoor,aditi_kapoor20@talentmind.ai,Full Stack Developer,Swiggy,13.5,"[""Java"", ""Python"", ""MongoDB"", ""Docker"", ""Django"", ""FastAPI"", ""Redis"", ""Node.js""]","[{""degree"": ""B.Tech Computer Science"", ""institution"": ""VIT Vellore"", ""year"": 2008}]",[],"[{""title"": ""Project Omega"", ""description"": ""Developed an automated pipeline using Java, Python for scalable matching."", ""tech_stack"": [""Java"", ""Python"", ""MongoDB""]}]",E-commerce,"{""recent_certifications"": 0, ""recent_projects"": 1, ""github_commits"": 14, ""open_source_prs"": 3}",0.53,0.32,Bangalore,20.1
CAND0021,Sanjay Das,sanjay_das21@talentmind.ai,Senior Software Engineer,Razorpay,5.8,"[""Kubernetes"", ""Spark"", ""Redis"", ""AWS"", ""JavaScript""]","[{""degree"": ""B.Tech Computer Science"", ""institution"": ""BITS Pilani"", ""year"": 2016}]","[{""title"": ""TensorFlow Developer Certificate"", ""issuer"": ""AWS"", ""year"": 2025}]","[{""title"": ""Project Beta"", ""description"": ""Developed an automated pipeline using Kubernetes, Spark for scalable matching."", ""tech_stack"": [""Kubernetes"", ""Spark"", ""Redis""]}]",Finance,"{""recent_certifications"": 1, ""recent_projects"": 1, ""github_commits"": 67, ""open_source_prs"": 7}",0.49,0.36,Mumbai,46.3
CAND0022,Sanjay Rao,sanjay_rao22@talentmind.ai,Senior ML Engineer,Zomato,6.3,"[""PyTorch"", ""Pandas"", ""PostgreSQL"", ""Machine Learning"", ""JavaScript"", ""Node.js"", ""Spark"", ""Python"", ""MongoDB"", ""Django"", ""Redis""]","[{""degree"": ""B.Tech Computer Science"", ""institution"": ""PES University"", ""year"": 2016}]",[],"[{""title"": ""Project Alpha"", ""description"": ""Developed an automated pipeline using PyTorch, Pandas for scalable matching."", ""tech_stack"": [""PyTorch"", ""Pandas"", ""PostgreSQL""]}]","Finance,EdTech","{""recent_certifications"": 0, ""recent_projects"": 1, ""github_commits"": 53, ""open_source_prs"": 6}",0.76,0.79,Bangalore,45.1
CAND0023,Anil Gupta,anil_gupta23@talentmind.ai,Senior ML Engineer,Razorpay,2.2,"[""Kubernetes"", ""PyTorch"", ""Pandas"", ""Deep Learning"", ""Machine Learning"", ""JavaScript"", ""Node.js"", ""AWS"", ""Python"", ""CI/CD"", ""React"", ""Redis""]","[{""degree"": ""B.Tech Computer Science"", ""institution"": ""Delhi University"", ""year"": 2020}]","[{""title"": ""TensorFlow Developer Certificate"", ""issuer"": ""DeepLearning.AI"", ""year"": 2025}]","[{""title"": ""Project Beta"", ""description"": ""Developed an automated pipeline using Kubernetes, PyTorch for scalable matching."", ""tech_stack"": [""Kubernetes"", ""PyTorch"", ""Pandas""]}]","EdTech,E-commerce,Telecommunications","{""recent_certifications"": 1, ""recent_projects"": 1, ""github_commits"": 154, ""open_source_prs"": 8}",0.65,0.38,Bangalore,36.1
CAND0024,Sneha Reddy,sneha_reddy24@talentmind.ai,AI Engineer,Cognizant,1.8,"[""TensorFlow"", ""PyTorch"", ""Python"", ""React"", ""MongoDB"", ""Django"", ""Redis"", ""FastAPI"", ""Terraform"", ""Java""]","[{""degree"": ""B.Tech Computer Science"", ""institution"": ""IIT Bombay"", ""year"": 2021}]","[{""title"": ""TensorFlow Developer Certificate"", ""issuer"": ""AWS"", ""year"": 2025}]","[{""title"": ""Project Vanguard"", ""description"": ""Developed an automated pipeline using TensorFlow, PyTorch for scalable matching."", ""tech_stack"": [""TensorFlow"", ""PyTorch"", ""Python""]}]",Logistics,"{""recent_certifications"": 1, ""recent_projects"": 1, ""github_commits"": 232, ""open_source_prs"": 5}",0.82,0.46,Hyderabad,15.5
CAND0025,Tanvi Mishra,tanvi_mishra25@talentmind.ai,ML Engineer,Salesforce,4.8,"[""PyTorch"", ""Pandas"", ""Machine Learning"", ""JavaScript"", ""Spark"", ""Python"", ""Java"", ""TypeScript""]","[{""degree"": ""B.Tech Computer Science"", ""institution"": ""IIT Delhi"", ""year"": 2017}]","[{""title"": ""Google Cloud Professional Data Engineer"", ""issuer"": ""DeepLearning.AI"", ""year"": 2024}]","[{""title"": ""Project Alpha"", ""description"": ""Developed an automated pipeline using PyTorch, Pandas for scalable matching."", ""tech_stack"": [""PyTorch"", ""Pandas"", ""Machine Learning""]}]","Healthcare,EdTech,Telecommunications","{""recent_certifications"": 1, ""recent_projects"": 1, ""github_commits"": 38, ""open_source_prs"": 7}",0.64,0.49,Bangalore,40.6
CAND0026,Dev Gupta,dev_gupta26@talentmind.ai,AI Engineer,Microsoft,12.4,"[""PyTorch"", ""FastAPI"", ""Redis"", ""Deep Learning"", ""React"", ""Node.js"", ""GCP"", ""AWS"", ""Docker""]","[{""degree"": ""M.Sc Data Science"", ""institution"": ""VIT Vellore"", ""year"": 2010}]","[{""title"": ""AWS Certified Solutions Architect"", ""issuer"": ""AWS"", ""year"": 2024}]","[{""title"": ""Project Beta"", ""description"": ""Developed an automated pipeline using PyTorch, FastAPI for scalable matching."", ""tech_stack"": [""PyTorch"", ""FastAPI"", ""Redis""]}]","SaaS,E-commerce","{""recent_certifications"": 1, ""recent_projects"": 1, ""github_commits"": 152, ""open_source_prs"": 8}",0.56,0.85,Hyderabad,22.9
CAND0027,Kabir Singh,kabir_singh27@talentmind.ai,Senior ML Engineer,Amazon,5.8,"[""PyTorch"", ""Pandas"", ""FastAPI"", ""TypeScript"", ""Machine Learning"", ""Node.js"", ""Python"", ""Spark"", ""CI/CD"", ""Django"", ""Redis""]","[{""degree"": ""B.Sc CS"", ""institution"": ""IIT Delhi"", ""year"": 2016}]",[],"[{""title"": ""Project Alpha"", ""description"": ""Developed an automated pipeline using PyTorch, Pandas for scalable matching."", ""tech_stack"": [""PyTorch"", ""Pandas"", ""FastAPI""]}]",Logistics,"{""recent_certifications"": 0, ""recent_projects"": 1, ""github_commits"": 189, ""open_source_prs"": 5}",0.91,0.59,Pune,12.6
CAND0028,Sneha Mishra,sneha_mishra28@talentmind.ai,Software Engineer,Zomato,4.9,"[""Machine Learning"", ""Kubernetes"", ""Deep Learning"", ""MongoDB"", ""Spark"", ""JavaScript"", ""TypeScript"", ""PyTorch"", ""Docker"", ""TensorFlow""]","[{""degree"": ""B.Tech Computer Science"", ""institution"": ""IIT Delhi"", ""year"": 2017}]",[],"[{""title"": ""Project Alpha"", ""description"": ""Developed an automated pipeline using Machine Learning, Kubernetes for scalable matching."", ""tech_stack"": [""Machine Learning"", ""Kubernetes"", ""Deep Learning""]}]","E-commerce,Logistics","{""recent_certifications"": 0, ""recent_projects"": 1, ""github_commits"": 211, ""open_source_prs"": 7}",0.44,0.63,Delhi,47.1
CAND0029,Aditi Gupta,aditi_gupta29@talentmind.ai,Senior ML Engineer,Salesforce,4.9,"[""Terraform"", ""PyTorch"", ""Pandas"", ""Deep Learning"", ""Machine Learning"", ""Node.js"", ""AWS"", ""TensorFlow"", ""Spark"", ""Python"", ""Redis""]","[{""degree"": ""B.Tech Computer Science"", ""institution"": ""IIT Delhi"", ""year"": 2017}]","[{""title"": ""TensorFlow Developer Certificate"", ""issuer"": ""Google Cloud"", ""year"": 2024}]","[{""title"": ""Project Alpha"", ""description"": ""Developed an automated pipeline using Terraform, PyTorch for scalable matching."", ""tech_stack"": [""Terraform"", ""PyTorch"", ""Pandas""]}]","SaaS,Logistics","{""recent_certifications"": 1, ""recent_projects"": 1, ""github_commits"": 91, ""open_source_prs"": 5}",0.78,0.71,Delhi,38.2
CAND0030,Dev Gupta,dev_gupta30@talentmind.ai,AI Engineer,Salesforce,10.4,"[""MongoDB"", ""React"", ""PyTorch"", ""Machine Learning"", ""TensorFlow""]","[{""degree"": ""B.Sc CS"", ""institution"": ""VIT Vellore"", ""year"": 2011}]","[{""title"": ""Google Cloud Professional Data Engineer"", ""issuer"": ""DeepLearning.AI"", ""year"": 2024}]","[{""title"": ""Project Alpha"", ""description"": ""Developed an automated pipeline using MongoDB, React for scalable matching."", ""tech_stack"": [""MongoDB"", ""React"", ""PyTorch""]}]","Finance,Healthcare","{""recent_certifications"": 1, ""recent_projects"": 1, ""github_commits"": 105, ""open_source_prs"": 5}",0.74,0.89,Delhi,18.7
CAND0031,Kabir Joshi,kabir_joshi31@talentmind.ai,Cloud Solutions Architect,Microsoft,10.9,"[""Java"", ""CI/CD"", ""Docker"", ""Machine Learning"", ""Deep Learning"", ""Kubernetes"", ""React"", ""AWS""]","[{""degree"": ""M.Sc Data Science"", ""institution"": ""BITS Pilani"", ""year"": 2012}]","[{""title"": ""TensorFlow Developer Certificate"", ""issuer"": ""Google Cloud"", ""year"": 2025}]","[{""title"": ""Project Omega"", ""description"": ""Developed an automated pipeline using Java, CI/CD for scalable matching."", ""tech_stack"": [""Java"", ""CI/CD"", ""Docker""]}]","Telecommunications,Logistics","{""recent_certifications"": 1, ""recent_projects"": 1, ""github_commits"": 193, ""open_source_prs"": 8}",0.62,0.93,Bangalore,8.3
CAND0032,Priya Mehta,priya_mehta32@talentmind.ai,Cloud Solutions Architect,Cognizant,5.5,"[""Java"", ""Python"", ""FastAPI"", ""Spark"", ""TensorFlow"", ""PostgreSQL""]","[{""degree"": ""B.Sc CS"", ""institution"": ""BITS Pilani"", ""year"": 2016}]","[{""title"": ""Google Cloud Professional Data Engineer"", ""issuer"": ""AWS"", ""year"": 2025}]","[{""title"": ""Project Alpha"", ""description"": ""Developed an automated pipeline using Java, Python for scalable matching."", ""tech_stack"": [""Java"", ""Python"", ""FastAPI""]}]",Telecommunications,"{""recent_certifications"": 1, ""recent_projects"": 1, ""github_commits"": 146, ""open_source_prs"": 0}",0.67,0.86,Bangalore,43.2
CAND0033,Pooja Das,pooja_das33@talentmind.ai,AI Engineer,Swiggy,13.2,"[""CI/CD"", ""Java"", ""Django"", ""PyTorch"", ""Node.js"", ""TypeScript"", ""Deep Learning"", ""MongoDB"", ""PostgreSQL""]","[{""degree"": ""M.Tech Software Engineering"", ""institution"": ""PES University"", ""year"": 2008}]","[{""title"": ""AWS Certified Solutions Architect"", ""issuer"": ""AWS"", ""year"": 2024}]","[{""title"": ""Project Vanguard"", ""description"": ""Developed an automated pipeline using CI/CD, Java for scalable matching."", ""tech_stack"": [""CI/CD"", ""Java"", ""Django""]}]",Telecommunications,"{""recent_certifications"": 1, ""recent_projects"": 1, ""github_commits"": 137, ""open_source_prs"": 2}",0.66,0.9,Hyderabad,44.9
CAND0034,Neha Roy,neha_roy34@talentmind.ai,ML Engineer,CRED,11.2,"[""Terraform"", ""PyTorch"", ""Pandas"", ""Deep Learning"", ""PostgreSQL"", ""Machine Learning"", ""TensorFlow"", ""Python"", ""Docker"", ""CI/CD""]","[{""degree"": ""M.Tech Software Engineering"", ""institution"": ""PES University"", ""year"": 2010}]",[],"[{""title"": ""Project Alpha"", ""description"": ""Developed an automated pipeline using Terraform, PyTorch for scalable matching."", ""tech_stack"": [""Terraform"", ""PyTorch"", ""Pandas""]}]","EdTech,Finance","{""recent_certifications"": 0, ""recent_projects"": 1, ""github_commits"": 124, ""open_source_prs"": 1}",0.41,0.55,Pune,26.7
CAND0035,Raj Mehta,raj_mehta35@talentmind.ai,Data Scientist,TCS,5.0,"[""Terraform"", ""PyTorch"", ""Pandas"", ""Deep Learning"", ""Machine Learning"", ""Python"", ""Django"", ""Redis""]","[{""degree"": ""M.Tech Software Engineering"", ""institution"": ""Delhi University"", ""year"": 2018}]","[{""title"": ""TensorFlow Developer Certificate"", ""issuer"": ""Google Cloud"", ""year"": 2025}]","[{""title"": ""Project Beta"", ""description"": ""Developed an automated pipeline using Terraform, PyTorch for scalable matching."", ""tech_stack"": [""Terraform"", ""PyTorch"", ""Pandas""]}]","Telecommunications,Healthcare,EdTech","{""recent_certifications"": 1, ""recent_projects"": 1, ""github_commits"": 43, ""open_source_prs"": 0}",0.6,0.33,Hyderabad,21.8
CAND0036,Priya Sen,priya_sen36@talentmind.ai,ML Engineer,Microsoft,9.9,"[""PyTorch"", ""Pandas"", ""FastAPI"", ""Machine Learning"", ""Node.js"", ""AWS"", ""Python"", ""CI/CD""]","[{""degree"": ""B.Tech Computer Science"", ""institution"": ""NIT Trichy"", ""year"": 2013}]","[{""title"": ""Google Cloud Professional Data Engineer"", ""issuer"": ""DeepLearning.AI"", ""year"": 2025}]","[{""title"": ""Project Vanguard"", ""description"": ""Developed an automated pipeline using PyTorch, Pandas for scalable matching."", ""tech_stack"": [""PyTorch"", ""Pandas"", ""FastAPI""]}]","Healthcare,SaaS","{""recent_certifications"": 1, ""recent_projects"": 1, ""github_commits"": 244, ""open_source_prs"": 7}",0.81,0.37,Remote,15.3
CAND0037,Riya Patel,riya_patel37@talentmind.ai,ML Engineer,Flipkart,5.5,"[""PyTorch"", ""Pandas"", ""Deep Learning"", ""PostgreSQL"", ""Machine Learning"", ""JavaScript"", ""Python"", ""Kubernetes"", ""Java"", ""TypeScript""]","[{""degree"": ""M.Tech Software Engineering"", ""institution"": ""PES University"", ""year"": 2016}]","[{""title"": ""Google Cloud Professional Data Engineer"", ""issuer"": ""DeepLearning.AI"", ""year"": 2024}]","[{""title"": ""Project Beta"", ""description"": ""Developed an automated pipeline using PyTorch, Pandas for scalable matching."", ""tech_stack"": [""PyTorch"", ""Pandas"", ""Deep Learning""]}]",EdTech,"{""recent_certifications"": 1, ""recent_projects"": 1, ""github_commits"": 222, ""open_source_prs"": 1}",0.59,0.47,Remote,39.6
CAND0038,Priya Joshi,priya_joshi38@talentmind.ai,Full Stack Developer,Zomato,11.1,"[""AWS"", ""Node.js"", ""JavaScript"", ""FastAPI"", ""Java"", ""CI/CD"", ""Python"", ""Pandas"", ""Kubernetes"", ""Django""]","[{""degree"": ""B.Tech Computer Science"", ""institution"": ""Delhi University"", ""year"": 2011}]",[],"[{""title"": ""Project Omega"", ""description"": ""Developed an automated pipeline using AWS, Node.js for scalable matching."", ""tech_stack"": [""AWS"", ""Node.js"", ""JavaScript""]}]","Finance,Telecommunications,Healthcare","{""recent_certifications"": 0, ""recent_projects"": 1, ""github_commits"": 185, ""open_source_prs"": 1}",0.74,0.56,Hyderabad,19.0
CAND0039,Meera Gupta,meera_gupta39@talentmind.ai,Senior ML Engineer,Infosys,8.7,"[""PyTorch"", ""Pandas"", ""PostgreSQL"", ""Machine Learning"", ""FastAPI"", ""Python"", ""TensorFlow"", ""CI/CD"", ""Kubernetes"", ""TypeScript""]","[{""degree"": ""B.Tech Computer Science"", ""institution"": ""NIT Trichy"", ""year"": 2013}]","[{""title"": ""Google Cloud Professional Data Engineer"", ""issuer"": ""Google Cloud"", ""year"": 2026}]","[{""title"": ""Project Vanguard"", ""description"": ""Developed an automated pipeline using PyTorch, Pandas for scalable matching."", ""tech_stack"": [""PyTorch"", ""Pandas"", ""PostgreSQL""]}]","EdTech,Telecommunications,E-commerce","{""recent_certifications"": 1, ""recent_projects"": 1, ""github_commits"": 98, ""open_source_prs"": 8}",0.81,0.34,Bangalore,26.2
CAND0040,Vikram Mehta,vikram_mehta40@talentmind.ai,Software Engineer,Microsoft,5.1,"[""PyTorch"", ""FastAPI"", ""Docker"", ""Django"", ""Kubernetes"", ""Machine Learning"", ""TypeScript"", ""Redis"", ""Node.js""]","[{""degree"": ""B.Tech Computer Science"", ""institution"": ""BITS Pilani"", ""year"": 2016}]","[{""title"": ""AWS Certified Solutions Architect"", ""issuer"": ""Google Cloud"", ""year"": 2025}]","[{""title"": ""Project Alpha"", ""description"": ""Developed an automated pipeline using PyTorch, FastAPI for scalable matching."", ""tech_stack"": [""PyTorch"", ""FastAPI"", ""Docker""]}]","EdTech,E-commerce","{""recent_certifications"": 1, ""recent_projects"": 1, ""github_commits"": 129, ""open_source_prs"": 2}",0.47,0.57,Delhi,20.4
CAND0041,Tanvi Rao,tanvi_rao41@talentmind.ai,ML Engineer,Razorpay,1.0,"[""PyTorch"", ""Pandas"", ""Machine Learning"", ""JavaScript"", ""Python"", ""TensorFlow"", ""Docker"", ""CI/CD"", ""Java"", ""TypeScript""]","[{""degree"": ""M.Tech Software Engineering"", ""institution"": ""BITS Pilani"", ""year"": 2022}]",[],"[{""title"": ""Project Alpha"", ""description"": ""Developed an automated pipeline using PyTorch, Pandas for scalable matching."", ""tech_stack"": [""PyTorch"", ""Pandas"", ""Machine Learning""]}]","EdTech,SaaS,Telecommunications","{""recent_certifications"": 0, ""recent_projects"": 1, ""github_commits"": 58, ""open_source_prs"": 7}",0.92,0.82,Pune,9.9
CAND0042,Dev Mehta,dev_mehta42@talentmind.ai,Senior Software Engineer,Adobe,4.3,"[""CI/CD"", ""MongoDB"", ""PyTorch"", ""PostgreSQL"", ""AWS"", ""JavaScript""]","[{""degree"": ""B.Tech Computer Science"", ""institution"": ""IIT Delhi"", ""year"": 2017}]","[{""title"": ""TensorFlow Developer Certificate"", ""issuer"": ""Google Cloud"", ""year"": 2025}]","[{""title"": ""Project Alpha"", ""description"": ""Developed an automated pipeline using CI/CD, MongoDB for scalable matching."", ""tech_stack"": [""CI/CD"", ""MongoDB"", ""PyTorch""]}]","Logistics,Healthcare","{""recent_certifications"": 1, ""recent_projects"": 1, ""github_commits"": 219, ""open_source_prs"": 6}",0.59,0.74,Remote,19.7
CAND0043,Tanvi Mishra,tanvi_mishra43@talentmind.ai,Full Stack Developer,Paytm,2.7,"[""Redis"", ""React"", ""Python"", ""TypeScript"", ""FastAPI"", ""GCP"", ""MongoDB"", ""Terraform"", ""Docker"", ""Kubernetes""]","[{""degree"": ""B.Sc CS"", ""institution"": ""Delhi University"", ""year"": 2019}]","[{""title"": ""Google Cloud Professional Data Engineer"", ""issuer"": ""Google Cloud"", ""year"": 2025}]","[{""title"": ""Project Beta"", ""description"": ""Developed an automated pipeline using Redis, React for scalable matching."", ""tech_stack"": [""Redis"", ""React"", ""Python""]}]","E-commerce,EdTech,Healthcare","{""recent_certifications"": 1, ""recent_projects"": 1, ""github_commits"": 187, ""open_source_prs"": 6}",0.66,0.63,Mumbai,45.1
CAND0044,Dev Kapoor,dev_kapoor44@talentmind.ai,DevOps Engineer,Swiggy,2.6,"[""JavaScript"", ""AWS"", ""Node.js"", ""Python"", ""Machine Learning""]","[{""degree"": ""M.Sc Data Science"", ""institution"": ""VIT Vellore"", ""year"": 2019}]","[{""title"": ""AWS Certified Solutions Architect"", ""issuer"": ""DeepLearning.AI"", ""year"": 2025}]","[{""title"": ""Project Beta"", ""description"": ""Developed an automated pipeline using JavaScript, AWS for scalable matching."", ""tech_stack"": [""JavaScript"", ""AWS"", ""Node.js""]}]",Healthcare,"{""recent_certifications"": 1, ""recent_projects"": 1, ""github_commits"": 130, ""open_source_prs"": 3}",0.44,0.73,Remote,28.8
CAND0045,Shreya Verma,shreya_verma45@talentmind.ai,Lead Data Scientist,TCS,6.1,"[""Terraform"", ""PyTorch"", ""Pandas"", ""Machine Learning"", ""JavaScript"", ""AWS"", ""Python"", ""CI/CD"", ""React"", ""Redis""]","[{""degree"": ""M.Sc Data Science"", ""institution"": ""VIT Vellore"", ""year"": 2016}]","[{""title"": ""AWS Certified Solutions Architect"", ""issuer"": ""DeepLearning.AI"", ""year"": 2024}]","[{""title"": ""Project Vanguard"", ""description"": ""Developed an automated pipeline using Terraform, PyTorch for scalable matching."", ""tech_stack"": [""Terraform"", ""PyTorch"", ""Pandas""]}]",Finance,"{""recent_certifications"": 1, ""recent_projects"": 1, ""github_commits"": 163, ""open_source_prs"": 7}",0.8,0.43,Remote,8.2
CAND0046,Amit Bose,amit_bose46@talentmind.ai,Cloud Solutions Architect,Adobe,13.8,"[""Java"", ""FastAPI"", ""Machine Learning"", ""AWS"", ""Redis"", ""Python"", ""GCP"", ""JavaScript"", ""Node.js"", ""Spark""]","[{""degree"": ""B.Sc CS"", ""institution"": ""BITS Pilani"", ""year"": 2008}]","[{""title"": ""AWS Certified Solutions Architect"", ""issuer"": ""AWS"", ""year"": 2026}]","[{""title"": ""Project Vanguard"", ""description"": ""Developed an automated pipeline using Java, FastAPI for scalable matching."", ""tech_stack"": [""Java"", ""FastAPI"", ""Machine Learning""]}]","Telecommunications,E-commerce,EdTech","{""recent_certifications"": 1, ""recent_projects"": 1, ""github_commits"": 249, ""open_source_prs"": 7}",0.77,0.67,Pune,12.9
CAND0047,Riya Patel,riya_patel47@talentmind.ai,DevOps Engineer,Adobe,9.7,"[""React"", ""FastAPI"", ""PostgreSQL"", ""Terraform"", ""TypeScript"", ""Redis"", ""Java""]","[{""degree"": ""B.Sc CS"", ""institution"": ""NIT Trichy"", ""year"": 2012}]","[{""title"": ""Google Cloud Professional Data Engineer"", ""issuer"": ""AWS"", ""year"": 2024}]","[{""title"": ""Project Vanguard"", ""description"": ""Developed an automated pipeline using React, FastAPI for scalable matching."", ""tech_stack"": [""React"", ""FastAPI"", ""PostgreSQL""]}]",E-commerce,"{""recent_certifications"": 1, ""recent_projects"": 1, ""github_commits"": 37, ""open_source_prs"": 0}",0.7,0.73,Remote,31.5
CAND0048,Priya Das,priya_das48@talentmind.ai,Software Engineer,Paytm,10.2,"[""React"", ""FastAPI"", ""PostgreSQL"", ""Terraform"", ""Pandas"", ""PyTorch"", ""TensorFlow"", ""Java""]","[{""degree"": ""M.Sc Data Science"", ""institution"": ""VIT Vellore"", ""year"": 2012}]",[],"[{""title"": ""Project Vanguard"", ""description"": ""Developed an automated pipeline using React, FastAPI for scalable matching."", ""tech_stack"": [""React"", ""FastAPI"", ""PostgreSQL""]}]",Telecommunications,"{""recent_certifications"": 0, ""recent_projects"": 1, ""github_commits"": 215, ""open_source_prs"": 8}",0.8,0.33,Hyderabad,17.1
CAND0049,Priya Roy,priya_roy49@talentmind.ai,Senior ML Engineer,Salesforce,13.9,"[""PyTorch"", ""Pandas"", ""Machine Learning"", ""Node.js"", ""Python"", ""CI/CD"", ""Kubernetes"", ""Java"", ""GCP""]","[{""degree"": ""B.Sc CS"", ""institution"": ""BITS Pilani"", ""year"": 2009}]",[],"[{""title"": ""Project Beta"", ""description"": ""Developed an automated pipeline using PyTorch, Pandas for scalable matching."", ""tech_stack"": [""PyTorch"", ""Pandas"", ""Machine Learning""]}]",Finance,"{""recent_certifications"": 0, ""recent_projects"": 1, ""github_commits"": 208, ""open_source_prs"": 4}",0.66,0.45,Mumbai,43.8
CAND0050,Amit Singh,amit_singh50@talentmind.ai,Cloud Solutions Architect,Amazon,11.2,"[""Java"", ""Terraform"", ""Machine Learning"", ""Node.js"", ""Kubernetes"", ""TypeScript"", ""Pandas""]","[{""degree"": ""M.Sc Data Science"", ""institution"": ""IIT Bombay"", ""year"": 2010}]","[{""title"": ""AWS Certified Solutions Architect"", ""issuer"": ""Google Cloud"", ""year"": 2025}]","[{""title"": ""Project Omega"", ""description"": ""Developed an automated pipeline using Java, Terraform for scalable matching."", ""tech_stack"": [""Java"", ""Terraform"", ""Machine Learning""]}]",Healthcare,"{""recent_certifications"": 1, ""recent_projects"": 1, ""github_commits"": 33, ""open_source_prs"": 0}",0.61,0.52,Delhi,39.6
CAND0051,Aditi Mehta,aditi_mehta51@talentmind.ai,Frontend Developer,Infosys,4.4,"[""React"", ""PyTorch"", ""JavaScript"", ""Terraform"", ""PostgreSQL"", ""Redis"", ""Node.js"", ""AWS"", ""Deep Learning"", ""CI/CD""]","[{""degree"": ""M.Sc Data Science"", ""institution"": ""IIT Delhi"", ""year"": 2017}]","[{""title"": ""Google Cloud Professional Data Engineer"", ""issuer"": ""AWS"", ""year"": 2026}]","[{""title"": ""Project Omega"", ""description"": ""Developed an automated pipeline using React, PyTorch for scalable matching."", ""tech_stack"": [""React"", ""PyTorch"", ""JavaScript""]}]",EdTech,"{""recent_certifications"": 1, ""recent_projects"": 1, ""github_commits"": 140, ""open_source_prs"": 2}",0.78,0.69,Hyderabad,32.4
CAND0052,Sanjay Joshi,sanjay_joshi52@talentmind.ai,Frontend Developer,CRED,1.1,"[""JavaScript"", ""TensorFlow"", ""FastAPI"", ""PyTorch"", ""Deep Learning""]","[{""degree"": ""M.Tech Software Engineering"", ""institution"": ""Delhi University"", ""year"": 2021}]","[{""title"": ""TensorFlow Developer Certificate"", ""issuer"": ""DeepLearning.AI"", ""year"": 2026}]","[{""title"": ""Project Omega"", ""description"": ""Developed an automated pipeline using JavaScript, TensorFlow for scalable matching."", ""tech_stack"": [""JavaScript"", ""TensorFlow"", ""FastAPI""]}]",Finance,"{""recent_certifications"": 1, ""recent_projects"": 1, ""github_commits"": 30, ""open_source_prs"": 6}",0.85,0.59,Bangalore,18.0
CAND0053,Raj Reddy,raj_reddy53@talentmind.ai,Software Engineer,Zomato,5.3,"[""TypeScript"", ""CI/CD"", ""PyTorch"", ""Terraform"", ""Java"", ""Redis"", ""Pandas""]","[{""degree"": ""B.Sc CS"", ""institution"": ""IIT Bombay"", ""year"": 2016}]",[],"[{""title"": ""Project Vanguard"", ""description"": ""Developed an automated pipeline using TypeScript, CI/CD for scalable matching."", ""tech_stack"": [""TypeScript"", ""CI/CD"", ""PyTorch""]}]",Telecommunications,"{""recent_certifications"": 0, ""recent_projects"": 1, ""github_commits"": 223, ""open_source_prs"": 5}",0.95,0.77,Hyderabad,20.2
CAND0054,Raj Choudhury,raj_choudhury54@talentmind.ai,ML Engineer,Amazon,7.8,"[""PyTorch"", ""Pandas"", ""Deep Learning"", ""PostgreSQL"", ""Machine Learning"", ""Python"", ""Django"", ""GCP"", ""TypeScript""]","[{""degree"": ""M.Sc Data Science"", ""institution"": ""Delhi University"", ""year"": 2015}]",[],"[{""title"": ""Project Alpha"", ""description"": ""Developed an automated pipeline using PyTorch, Pandas for scalable matching."", ""tech_stack"": [""PyTorch"", ""Pandas"", ""Deep Learning""]}]","Telecommunications,EdTech","{""recent_certifications"": 0, ""recent_projects"": 1, ""github_commits"": 141, ""open_source_prs"": 3}",0.45,0.77,Remote,18.2
CAND0055,Neha Das,neha_das55@talentmind.ai,Frontend Developer,TCS,3.1,"[""Kubernetes"", ""Terraform"", ""FastAPI"", ""AWS"", ""Node.js"", ""PostgreSQL""]","[{""degree"": ""B.Sc CS"", ""institution"": ""NIT Trichy"", ""year"": 2018}]",[],"[{""title"": ""Project Vanguard"", ""description"": ""Developed an automated pipeline using Kubernetes, Terraform for scalable matching."", ""tech_stack"": [""Kubernetes"", ""Terraform"", ""FastAPI""]}]","Telecommunications,SaaS,EdTech","{""recent_certifications"": 0, ""recent_projects"": 1, ""github_commits"": 15, ""open_source_prs"": 4}",0.88,0.81,Delhi,26.8
CAND0056,Anil Gupta,anil_gupta56@talentmind.ai,ML Engineer,Flipkart,3.5,"[""PyTorch"", ""Pandas"", ""Machine Learning"", ""JavaScript"", ""TensorFlow"", ""Python"", ""MongoDB"", ""TypeScript""]","[{""degree"": ""B.Sc CS"", ""institution"": ""VIT Vellore"", ""year"": 2018}]",[],"[{""title"": ""Project Alpha"", ""description"": ""Developed an automated pipeline using PyTorch, Pandas for scalable matching."", ""tech_stack"": [""PyTorch"", ""Pandas"", ""Machine Learning""]}]","Healthcare,SaaS","{""recent_certifications"": 0, ""recent_projects"": 1, ""github_commits"": 105, ""open_source_prs"": 3}",0.62,0.57,Pune,22.4
CAND0057,Raj Rao,raj_rao57@talentmind.ai,ML Engineer,Razorpay,3.0,"[""Terraform"", ""PyTorch"", ""Pandas"", ""Deep Learning"", ""FastAPI"", ""Machine Learning"", ""JavaScript"", ""Python"", ""MongoDB"", ""CI/CD"", ""Kubernetes"", ""Java""]","[{""degree"": ""M.Sc Data Science"", ""institution"": ""Delhi University"", ""year"": 2020}]","[{""title"": ""Google Cloud Professional Data Engineer"", ""issuer"": ""DeepLearning.AI"", ""year"": 2026}]","[{""title"": ""Project Beta"", ""description"": ""Developed an automated pipeline using Terraform, PyTorch for scalable matching."", ""tech_stack"": [""Terraform"", ""PyTorch"", ""Pandas""]}]","E-commerce,Logistics,Finance","{""recent_certifications"": 1, ""recent_projects"": 1, ""github_commits"": 70, ""open_source_prs"": 8}",0.6,0.63,Mumbai,34.3
CAND0058,Sanjay Choudhury,sanjay_choudhury58@talentmind.ai,Lead Data Scientist,Swiggy,7.9,"[""PyTorch"", ""Pandas"", ""FastAPI"", ""Machine Learning"", ""AWS"", ""TensorFlow"", ""Python"", ""Django"", ""GCP"", ""Redis""]","[{""degree"": ""B.Sc CS"", ""institution"": ""IIT Bombay"", ""year"": 2015}]","[{""title"": ""Google Cloud Professional Data Engineer"", ""issuer"": ""AWS"", ""year"": 2025}]","[{""title"": ""Project Vanguard"", ""description"": ""Developed an automated pipeline using PyTorch, Pandas for scalable matching."", ""tech_stack"": [""PyTorch"", ""Pandas"", ""FastAPI""]}]",Logistics,"{""recent_certifications"": 1, ""recent_projects"": 1, ""github_commits"": 110, ""open_source_prs"": 7}",0.49,0.9,Delhi,11.3
CAND0059,Kabir Mehta,kabir_mehta59@talentmind.ai,Senior ML Engineer,Google,4.4,"[""React"", ""PyTorch"", ""Deep Learning"", ""Pandas"", ""Machine Learning"", ""JavaScript"", ""TensorFlow"", ""Python"", ""Kubernetes"", ""GCP""]","[{""degree"": ""M.Sc Data Science"", ""institution"": ""IIT Bombay"", ""year"": 2017}]",[],"[{""title"": ""Project Omega"", ""description"": ""Developed an automated pipeline using React, PyTorch for scalable matching."", ""tech_stack"": [""React"", ""PyTorch"", ""Deep Learning""]}]",Telecommunications,"{""recent_certifications"": 0, ""recent_projects"": 1, ""github_commits"": 132, ""open_source_prs"": 7}",0.95,0.95,Hyderabad,23.8
CAND0060,Aditi Roy,aditi_roy60@talentmind.ai,AI Engineer,Wipro,12.3,"[""Java"", ""Python"", ""Node.js"", ""Machine Learning"", ""TypeScript"", ""Terraform""]","[{""degree"": ""B.Sc CS"", ""institution"": ""IIT Bombay"", ""year"": 2010}]",[],"[{""title"": ""Project Vanguard"", ""description"": ""Developed an automated pipeline using Java, Python for scalable matching."", ""tech_stack"": [""Java"", ""Python"", ""Node.js""]}]",Finance,"{""recent_certifications"": 0, ""recent_projects"": 1, ""github_commits"": 42, ""open_source_prs"": 3}",0.94,0.62,Delhi,26.5
CAND0061,Vikram Singh,vikram_singh61@talentmind.ai,Lead Data Scientist,Paytm,3.6,"[""Terraform"", ""PyTorch"", ""Pandas"", ""Machine Learning"", ""JavaScript"", ""Spark"", ""AWS"", ""Python"", ""Docker"", ""CI/CD"", ""Kubernetes"", ""TypeScript""]","[{""degree"": ""M.Tech Software Engineering"", ""institution"": ""Delhi University"", ""year"": 2018}]",[],"[{""title"": ""Project Omega"", ""description"": ""Developed an automated pipeline using Terraform, PyTorch for scalable matching."", ""tech_stack"": [""Terraform"", ""PyTorch"", ""Pandas""]}]",Logistics,"{""recent_certifications"": 0, ""recent_projects"": 1, ""github_commits"": 41, ""open_source_prs"": 0}",0.87,0.6,Delhi,48.2
CAND0062,Sanjay Gupta,sanjay_gupta62@talentmind.ai,Senior Software Engineer,Wipro,13.3,"[""TensorFlow"", ""Machine Learning"", ""AWS"", ""Kubernetes"", ""Python"", ""Pandas"", ""GCP"", ""PostgreSQL""]","[{""degree"": ""B.Tech Computer Science"", ""institution"": ""IIT Delhi"", ""year"": 2009}]","[{""title"": ""TensorFlow Developer Certificate"", ""issuer"": ""Google Cloud"", ""year"": 2026}]","[{""title"": ""Project Omega"", ""description"": ""Developed an automated pipeline using TensorFlow, Machine Learning for scalable matching."", ""tech_stack"": [""TensorFlow"", ""Machine Learning"", ""AWS""]}]","SaaS,Finance","{""recent_certifications"": 1, ""recent_projects"": 1, ""github_commits"": 50, ""open_source_prs"": 7}",0.84,0.88,Delhi,22.9
CAND0063,Tanvi Dubey,tanvi_dubey63@talentmind.ai,DevOps Engineer,CRED,6.6,"[""Docker"", ""CI/CD"", ""React"", ""Python"", ""PostgreSQL"", ""JavaScript""]","[{""degree"": ""M.Sc Data Science"", ""institution"": ""Delhi University"", ""year"": 2016}]",[],"[{""title"": ""Project Omega"", ""description"": ""Developed an automated pipeline using Docker, CI/CD for scalable matching."", ""tech_stack"": [""Docker"", ""CI/CD"", ""React""]}]","E-commerce,Telecommunications","{""recent_certifications"": 0, ""recent_projects"": 1, ""github_commits"": 62, ""open_source_prs"": 4}",0.41,0.37,Pune,33.1
CAND0064,Dev Sen,dev_sen64@talentmind.ai,DevOps Engineer,Flipkart,6.3,"[""Redis"", ""Python"", ""Spark"", ""Pandas"", ""JavaScript""]","[{""degree"": ""M.Sc Data Science"", ""institution"": ""IIT Delhi"", ""year"": 2016}]","[{""title"": ""TensorFlow Developer Certificate"", ""issuer"": ""AWS"", ""year"": 2024}]","[{""title"": ""Project Omega"", ""description"": ""Developed an automated pipeline using Redis, Python for scalable matching."", ""tech_stack"": [""Redis"", ""Python"", ""Spark""]}]","EdTech,Finance,Logistics","{""recent_certifications"": 1, ""recent_projects"": 1, ""github_commits"": 179, ""open_source_prs"": 3}",0.93,0.47,Bangalore,32.4
CAND0065,Priya Gupta,priya_gupta65@talentmind.ai,Senior ML Engineer,Salesforce,6.3,"[""Terraform"", ""React"", ""PyTorch"", ""Pandas"", ""Machine Learning"", ""JavaScript"", ""Node.js"", ""Python"", ""Docker"", ""Django"", ""GCP"", ""Redis""]","[{""degree"": ""B.Sc CS"", ""institution"": ""IIT Bombay"", ""year"": 2015}]","[{""title"": ""Google Cloud Professional Data Engineer"", ""issuer"": ""Google Cloud"", ""year"": 2026}]","[{""title"": ""Project Beta"", ""description"": ""Developed an automated pipeline using Terraform, React for scalable matching."", ""tech_stack"": [""Terraform"", ""React"", ""PyTorch""]}]",Finance,"{""recent_certifications"": 1, ""recent_projects"": 1, ""github_commits"": 238, ""open_source_prs"": 6}",0.59,0.9,Mumbai,18.6
CAND0066,Neha Sharma,neha_sharma66@talentmind.ai,Senior ML Engineer,Cognizant,13.5,"[""Terraform"", ""PyTorch"", ""Pandas"", ""Deep Learning"", ""Machine Learning"", ""JavaScript"", ""Python"", ""Django"", ""Kubernetes"", ""Java""]","[{""degree"": ""B.Sc CS"", ""institution"": ""Delhi University"", ""year"": 2009}]",[],"[{""title"": ""Project Beta"", ""description"": ""Developed an automated pipeline using Terraform, PyTorch for scalable matching."", ""tech_stack"": [""Terraform"", ""PyTorch"", ""Pandas""]}]",E-commerce,"{""recent_certifications"": 0, ""recent_projects"": 1, ""github_commits"": 28, ""open_source_prs"": 2}",0.76,0.37,Pune,21.7
CAND0067,Pooja Kapoor,pooja_kapoor67@talentmind.ai,Lead Data Scientist,Razorpay,11.6,"[""Terraform"", ""React"", ""PyTorch"", ""Deep Learning"", ""Pandas"", ""Machine Learning"", ""Python"", ""TensorFlow"", ""Docker"", ""AWS"", ""MongoDB"", ""Kubernetes"", ""Java""]","[{""degree"": ""B.Sc CS"", ""institution"": ""VIT Vellore"", ""year"": 2010}]",[],"[{""title"": ""Project Vanguard"", ""description"": ""Developed an automated pipeline using Terraform, React for scalable matching."", ""tech_stack"": [""Terraform"", ""React"", ""PyTorch""]}]","E-commerce,Finance,EdTech","{""recent_certifications"": 0, ""recent_projects"": 1, ""github_commits"": 121, ""open_source_prs"": 5}",0.58,0.33,Mumbai,16.7
CAND0068,Anil Gupta,anil_gupta68@talentmind.ai,DevOps Engineer,Cognizant,9.4,"[""Java"", ""Pandas"", ""Docker"", ""Terraform"", ""React"", ""FastAPI"", ""PostgreSQL""]","[{""degree"": ""B.Sc CS"", ""institution"": ""BITS Pilani"", ""year"": 2012}]","[{""title"": ""AWS Certified Solutions Architect"", ""issuer"": ""AWS"", ""year"": 2026}]","[{""title"": ""Project Alpha"", ""description"": ""Developed an automated pipeline using Java, Pandas for scalable matching."", ""tech_stack"": [""Java"", ""Pandas"", ""Docker""]}]",EdTech,"{""recent_certifications"": 1, ""recent_projects"": 1, ""github_commits"": 129, ""open_source_prs"": 8}",0.84,0.61,Hyderabad,19.4
CAND0069,Sanjay Roy,sanjay_roy69@talentmind.ai,Software Engineer,Google,4.1,"[""Kubernetes"", ""AWS"", ""CI/CD"", ""FastAPI"", ""React"", ""Node.js"", ""Redis"", ""Python""]","[{""degree"": ""M.Sc Data Science"", ""institution"": ""Delhi University"", ""year"": 2017}]",[],"[{""title"": ""Project Beta"", ""description"": ""Developed an automated pipeline using Kubernetes, AWS for scalable matching."", ""tech_stack"": [""Kubernetes"", ""AWS"", ""CI/CD""]}]","Healthcare,E-commerce","{""recent_certifications"": 0, ""recent_projects"": 1, ""github_commits"": 192, ""open_source_prs"": 4}",0.88,0.62,Hyderabad,24.8
CAND0070,Dev Mehta,dev_mehta70@talentmind.ai,Cloud Solutions Architect,Razorpay,4.6,"[""Java"", ""Terraform"", ""GCP"", ""Machine Learning"", ""Python"", ""Django"", ""FastAPI"", ""Docker"", ""Node.js""]","[{""degree"": ""B.Tech Computer Science"", ""institution"": ""IIT Delhi"", ""year"": 2017}]",[],"[{""title"": ""Project Beta"", ""description"": ""Developed an automated pipeline using Java, Terraform for scalable matching."", ""tech_stack"": [""Java"", ""Terraform"", ""GCP""]}]","Logistics,Finance,Healthcare","{""recent_certifications"": 0, ""recent_projects"": 1, ""github_commits"": 244, ""open_source_prs"": 2}",0.75,0.77,Delhi,20.6
CAND0071,Shreya Das,shreya_das71@talentmind.ai,Full Stack Developer,Google,13.5,"[""Kubernetes"", ""JavaScript"", ""Spark"", ""Python"", ""FastAPI"", ""Terraform"", ""Java"", ""GCP"", ""React""]","[{""degree"": ""B.Tech Computer Science"", ""institution"": ""VIT Vellore"", ""year"": 2009}]",[],"[{""title"": ""Project Beta"", ""description"": ""Developed an automated pipeline using Kubernetes, JavaScript for scalable matching."", ""tech_stack"": [""Kubernetes"", ""JavaScript"", ""Spark""]}]",SaaS,"{""recent_certifications"": 0, ""recent_projects"": 1, ""github_commits"": 212, ""open_source_prs"": 6}",0.93,0.75,Delhi,26.8
CAND0072,Rahul Iyer,rahul_iyer72@talentmind.ai,Backend Developer,Wipro,10.6,"[""Redis"", ""Java"", ""Docker"", ""Spark"", ""Machine Learning"", ""TensorFlow""]","[{""degree"": ""M.Tech Software Engineering"", ""institution"": ""Delhi University"", ""year"": 2011}]","[{""title"": ""AWS Certified Solutions Architect"", ""issuer"": ""Google Cloud"", ""year"": 2026}]","[{""title"": ""Project Vanguard"", ""description"": ""Developed an automated pipeline using Redis, Java for scalable matching."", ""tech_stack"": [""Redis"", ""Java"", ""Docker""]}]","Logistics,EdTech,E-commerce","{""recent_certifications"": 1, ""recent_projects"": 1, ""github_commits"": 120, ""open_source_prs"": 8}",0.58,0.36,Bangalore,12.7
CAND0073,Priya Dubey,priya_dubey73@talentmind.ai,Senior Software Engineer,CRED,6.8,"[""TensorFlow"", ""GCP"", ""Django"", ""Redis"", ""Kubernetes"", ""AWS"", ""Node.js"", ""FastAPI"", ""Machine Learning""]","[{""degree"": ""M.Sc Data Science"", ""institution"": ""IIT Bombay"", ""year"": 2016}]",[],"[{""title"": ""Project Alpha"", ""description"": ""Developed an automated pipeline using TensorFlow, GCP for scalable matching."", ""tech_stack"": [""TensorFlow"", ""GCP"", ""Django""]}]","Logistics,SaaS,Telecommunications","{""recent_certifications"": 0, ""recent_projects"": 1, ""github_commits"": 116, ""open_source_prs"": 8}",0.9,0.33,Hyderabad,16.8
CAND0074,Rohan Mehta,rohan_mehta74@talentmind.ai,Cloud Solutions Architect,Adobe,8.8,"[""AWS"", ""Java"", ""Terraform"", ""Spark"", ""Docker"", ""Deep Learning"", ""PyTorch"", ""CI/CD"", ""JavaScript"", ""Kubernetes""]","[{""degree"": ""B.Sc CS"", ""institution"": ""IIT Bombay"", ""year"": 2013}]","[{""title"": ""TensorFlow Developer Certificate"", ""issuer"": ""Google Cloud"", ""year"": 2025}]","[{""title"": ""Project Vanguard"", ""description"": ""Developed an automated pipeline using AWS, Java for scalable matching."", ""tech_stack"": [""AWS"", ""Java"", ""Terraform""]}]",E-commerce,"{""recent_certifications"": 1, ""recent_projects"": 1, ""github_commits"": 51, ""open_source_prs"": 4}",0.56,0.66,Mumbai,14.1
CAND0075,Rohan Joshi,rohan_joshi75@talentmind.ai,Senior ML Engineer,Cognizant,12.8,"[""PyTorch"", ""Pandas"", ""Machine Learning"", ""FastAPI"", ""Spark"", ""AWS"", ""Python"", ""React"", ""Java"", ""Redis""]","[{""degree"": ""B.Tech Computer Science"", ""institution"": ""BITS Pilani"", ""year"": 2010}]","[{""title"": ""AWS Certified Solutions Architect"", ""issuer"": ""AWS"", ""year"": 2025}]","[{""title"": ""Project Alpha"", ""description"": ""Developed an automated pipeline using PyTorch, Pandas for scalable matching."", ""tech_stack"": [""PyTorch"", ""Pandas"", ""Machine Learning""]}]","EdTech,Finance","{""recent_certifications"": 1, ""recent_projects"": 1, ""github_commits"": 13, ""open_source_prs"": 5}",0.61,0.36,Bangalore,45.2
CAND0076,Tanvi Rao,tanvi_rao76@talentmind.ai,Data Scientist,Swiggy,12.7,"[""PyTorch"", ""Pandas"", ""PostgreSQL"", ""Machine Learning"", ""Spark"", ""Python"", ""MongoDB"", ""CI/CD"", ""GCP"", ""Redis""]","[{""degree"": ""M.Tech Software Engineering"", ""institution"": ""PES University"", ""year"": 2010}]","[{""title"": ""TensorFlow Developer Certificate"", ""issuer"": ""AWS"", ""year"": 2024}]","[{""title"": ""Project Vanguard"", ""description"": ""Developed an automated pipeline using PyTorch, Pandas for scalable matching."", ""tech_stack"": [""PyTorch"", ""Pandas"", ""PostgreSQL""]}]","EdTech,E-commerce","{""recent_certifications"": 1, ""recent_projects"": 1, ""github_commits"": 229, ""open_source_prs"": 4}",0.84,0.58,Remote,32.6
CAND0077,Meera Roy,meera_roy77@talentmind.ai,Senior ML Engineer,Cognizant,12.3,"[""PyTorch"", ""Pandas"", ""Deep Learning"", ""Machine Learning"", ""JavaScript"", ""TensorFlow"", ""Python"", ""MongoDB"", ""TypeScript""]","[{""degree"": ""B.Tech Computer Science"", ""institution"": ""PES University"", ""year"": 2010}]",[],"[{""title"": ""Project Alpha"", ""description"": ""Developed an automated pipeline using PyTorch, Pandas for scalable matching."", ""tech_stack"": [""PyTorch"", ""Pandas"", ""Deep Learning""]}]","SaaS,Healthcare,Telecommunications","{""recent_certifications"": 0, ""recent_projects"": 1, ""github_commits"": 37, ""open_source_prs"": 5}",0.71,0.9,Pune,18.0
CAND0078,Aditi Patel,aditi_patel78@talentmind.ai,Data Scientist,Zomato,9.5,"[""PyTorch"", ""Pandas"", ""Deep Learning"", ""Machine Learning"", ""TensorFlow"", ""Python"", ""AWS"", ""CI/CD"", ""GCP""]","[{""degree"": ""B.Tech Computer Science"", ""institution"": ""PES University"", ""year"": 2012}]","[{""title"": ""Google Cloud Professional Data Engineer"", ""issuer"": ""AWS"", ""year"": 2024}]","[{""title"": ""Project Omega"", ""description"": ""Developed an automated pipeline using PyTorch, Pandas for scalable matching."", ""tech_stack"": [""PyTorch"", ""Pandas"", ""Deep Learning""]}]",SaaS,"{""recent_certifications"": 1, ""recent_projects"": 1, ""github_commits"": 139, ""open_source_prs"": 8}",0.8,0.65,Hyderabad,24.1
CAND0079,Raj Nair,raj_nair79@talentmind.ai,Full Stack Developer,Flipkart,2.3,"[""Django"", ""FastAPI"", ""Terraform"", ""TypeScript"", ""TensorFlow"", ""Pandas"", ""PyTorch"", ""CI/CD"", ""AWS"", ""Node.js""]","[{""degree"": ""B.Sc CS"", ""institution"": ""IIT Bombay"", ""year"": 2020}]","[{""title"": ""TensorFlow Developer Certificate"", ""issuer"": ""AWS"", ""year"": 2026}]","[{""title"": ""Project Omega"", ""description"": ""Developed an automated pipeline using Django, FastAPI for scalable matching."", ""tech_stack"": [""Django"", ""FastAPI"", ""Terraform""]}]",Healthcare,"{""recent_certifications"": 1, ""recent_projects"": 1, ""github_commits"": 140, ""open_source_prs"": 6}",0.75,0.73,Bangalore,15.8
CAND0080,Raj Patel,raj_patel80@talentmind.ai,AI Engineer,Adobe,3.2,"[""Machine Learning"", ""Java"", ""Node.js"", ""Deep Learning"", ""PyTorch"", ""MongoDB""]","[{""degree"": ""M.Sc Data Science"", ""institution"": ""BITS Pilani"", ""year"": 2019}]",[],"[{""title"": ""Project Omega"", ""description"": ""Developed an automated pipeline using Machine Learning, Java for scalable matching."", ""tech_stack"": [""Machine Learning"", ""Java"", ""Node.js""]}]",Telecommunications,"{""recent_certifications"": 0, ""recent_projects"": 1, ""github_commits"": 229, ""open_source_prs"": 6}",0.59,0.97,Delhi,9.4
CAND0081,Aisha Joshi,aisha_joshi81@talentmind.ai,DevOps Engineer,Cognizant,10.6,"[""CI/CD"", ""FastAPI"", ""Redis"", ""TensorFlow"", ""Django"", ""Pandas"", ""AWS""]","[{""degree"": ""B.Tech Computer Science"", ""institution"": ""IIT Bombay"", ""year"": 2012}]","[{""title"": ""TensorFlow Developer Certificate"", ""issuer"": ""DeepLearning.AI"", ""year"": 2024}]","[{""title"": ""Project Beta"", ""description"": ""Developed an automated pipeline using CI/CD, FastAPI for scalable matching."", ""tech_stack"": [""CI/CD"", ""FastAPI"", ""Redis""]}]","Telecommunications,Healthcare","{""recent_certifications"": 1, ""recent_projects"": 1, ""github_commits"": 32, ""open_source_prs"": 5}",0.76,0.87,Pune,8.8
CAND0082,Neha Sharma,neha_sharma82@talentmind.ai,Software Engineer,Adobe,11.4,"[""TypeScript"", ""Spark"", ""PyTorch"", ""MongoDB"", ""Python"", ""Machine Learning"", ""Java"", ""FastAPI"", ""Django""]","[{""degree"": ""M.Sc Data Science"", ""institution"": ""Delhi University"", ""year"": 2011}]","[{""title"": ""AWS Certified Solutions Architect"", ""issuer"": ""Google Cloud"", ""year"": 2024}]","[{""title"": ""Project Omega"", ""description"": ""Developed an automated pipeline using TypeScript, Spark for scalable matching."", ""tech_stack"": [""TypeScript"", ""Spark"", ""PyTorch""]}]","Logistics,SaaS,Finance","{""recent_certifications"": 1, ""recent_projects"": 1, ""github_commits"": 85, ""open_source_prs"": 2}",0.77,0.66,Hyderabad,35.6
CAND0083,Amit Rao,amit_rao83@talentmind.ai,Software Engineer,Zomato,5.9,"[""Spark"", ""CI/CD"", ""Terraform"", ""Java"", ""Django"", ""GCP""]","[{""degree"": ""B.Sc CS"", ""institution"": ""PES University"", ""year"": 2016}]",[],"[{""title"": ""Project Alpha"", ""description"": ""Developed an automated pipeline using Spark, CI/CD for scalable matching."", ""tech_stack"": [""Spark"", ""CI/CD"", ""Terraform""]}]","SaaS,Finance","{""recent_certifications"": 0, ""recent_projects"": 1, ""github_commits"": 81, ""open_source_prs"": 2}",0.7,0.44,Delhi,36.9
CAND0084,Priya Trivedi,priya_trivedi84@talentmind.ai,Software Engineer,Adobe,4.3,"[""AWS"", ""Pandas"", ""Redis"", ""PyTorch"", ""Node.js"", ""Deep Learning"", ""MongoDB"", ""TypeScript"", ""React"", ""JavaScript""]","[{""degree"": ""B.Tech Computer Science"", ""institution"": ""IIT Bombay"", ""year"": 2017}]","[{""title"": ""TensorFlow Developer Certificate"", ""issuer"": ""Google Cloud"", ""year"": 2024}]","[{""title"": ""Project Vanguard"", ""description"": ""Developed an automated pipeline using AWS, Pandas for scalable matching."", ""tech_stack"": [""AWS"", ""Pandas"", ""Redis""]}]",E-commerce,"{""recent_certifications"": 1, ""recent_projects"": 1, ""github_commits"": 105, ""open_source_prs"": 2}",0.75,0.93,Hyderabad,45.2
CAND0085,Rohan Roy,rohan_roy85@talentmind.ai,Senior ML Engineer,Cognizant,4.8,"[""Terraform"", ""PyTorch"", ""Pandas"", ""Machine Learning"", ""JavaScript"", ""Node.js"", ""Python"", ""Docker"", ""CI/CD"", ""Kubernetes"", ""Java"", ""TypeScript""]","[{""degree"": ""M.Sc Data Science"", ""institution"": ""BITS Pilani"", ""year"": 2018}]",[],"[{""title"": ""Project Vanguard"", ""description"": ""Developed an automated pipeline using Terraform, PyTorch for scalable matching."", ""tech_stack"": [""Terraform"", ""PyTorch"", ""Pandas""]}]","Healthcare,Finance,EdTech","{""recent_certifications"": 0, ""recent_projects"": 1, ""github_commits"": 60, ""open_source_prs"": 5}",0.59,0.89,Remote,47.2
CAND0086,Rohan Bose,rohan_bose86@talentmind.ai,Backend Developer,TCS,14.0,"[""PostgreSQL"", ""React"", ""AWS"", ""CI/CD"", ""TypeScript"", ""GCP"", ""Redis""]","[{""degree"": ""M.Tech Software Engineering"", ""institution"": ""BITS Pilani"", ""year"": 2008}]","[{""title"": ""Google Cloud Professional Data Engineer"", ""issuer"": ""Google Cloud"", ""year"": 2025}]","[{""title"": ""Project Alpha"", ""description"": ""Developed an automated pipeline using PostgreSQL, React for scalable matching."", ""tech_stack"": [""PostgreSQL"", ""React"", ""AWS""]}]",Logistics,"{""recent_certifications"": 1, ""recent_projects"": 1, ""github_commits"": 15, ""open_source_prs"": 5}",0.83,0.75,Remote,32.3
CAND0087,Vikram Das,vikram_das87@talentmind.ai,Frontend Developer,Paytm,8.3,"[""Deep Learning"", ""Spark"", ""Docker"", ""GCP"", ""CI/CD"", ""Kubernetes"", ""Pandas"", ""MongoDB"", ""TypeScript""]","[{""degree"": ""B.Tech Computer Science"", ""institution"": ""PES University"", ""year"": 2014}]","[{""title"": ""Google Cloud Professional Data Engineer"", ""issuer"": ""AWS"", ""year"": 2025}]","[{""title"": ""Project Alpha"", ""description"": ""Developed an automated pipeline using Deep Learning, Spark for scalable matching."", ""tech_stack"": [""Deep Learning"", ""Spark"", ""Docker""]}]","Telecommunications,SaaS","{""recent_certifications"": 1, ""recent_projects"": 1, ""github_commits"": 126, ""open_source_prs"": 0}",0.85,0.32,Hyderabad,33.6
CAND0088,Tanvi Mehta,tanvi_mehta88@talentmind.ai,Frontend Developer,Razorpay,8.8,"[""Java"", ""Kubernetes"", ""React"", ""GCP"", ""Deep Learning"", ""Python"", ""Spark"", ""Docker""]","[{""degree"": ""M.Sc Data Science"", ""institution"": ""PES University"", ""year"": 2014}]","[{""title"": ""AWS Certified Solutions Architect"", ""issuer"": ""DeepLearning.AI"", ""year"": 2026}]","[{""title"": ""Project Beta"", ""description"": ""Developed an automated pipeline using Java, Kubernetes for scalable matching."", ""tech_stack"": [""Java"", ""Kubernetes"", ""React""]}]","E-commerce,Finance,Logistics","{""recent_certifications"": 1, ""recent_projects"": 1, ""github_commits"": 178, ""open_source_prs"": 7}",0.61,0.49,Mumbai,45.7
CAND0089,Neha Mehta,neha_mehta89@talentmind.ai,Software Engineer,Google,8.8,"[""Terraform"", ""AWS"", ""Deep Learning"", ""Pandas"", ""CI/CD"", ""Docker"", ""Django""]","[{""degree"": ""M.Tech Software Engineering"", ""institution"": ""BITS Pilani"", ""year"": 2013}]","[{""title"": ""TensorFlow Developer Certificate"", ""issuer"": ""Google Cloud"", ""year"": 2026}]","[{""title"": ""Project Beta"", ""description"": ""Developed an automated pipeline using Terraform, AWS for scalable matching."", ""tech_stack"": [""Terraform"", ""AWS"", ""Deep Learning""]}]",Telecommunications,"{""recent_certifications"": 1, ""recent_projects"": 1, ""github_commits"": 13, ""open_source_prs"": 7}",0.48,0.48,Mumbai,36.6
CAND0090,Raj Rao,raj_rao90@talentmind.ai,Frontend Developer,Swiggy,11.2,"[""Java"", ""MongoDB"", ""TensorFlow"", ""Pandas"", ""AWS"", ""PostgreSQL"", ""TypeScript"", ""Terraform"", ""Machine Learning""]","[{""degree"": ""M.Tech Software Engineering"", ""institution"": ""BITS Pilani"", ""year"": 2010}]","[{""title"": ""Google Cloud Professional Data Engineer"", ""issuer"": ""AWS"", ""year"": 2026}]","[{""title"": ""Project Beta"", ""description"": ""Developed an automated pipeline using Java, MongoDB for scalable matching."", ""tech_stack"": [""Java"", ""MongoDB"", ""TensorFlow""]}]","EdTech,Telecommunications,SaaS","{""recent_certifications"": 1, ""recent_projects"": 1, ""github_commits"": 171, ""open_source_prs"": 5}",0.46,0.8,Mumbai,19.4
CAND0091,Sanjay Sen,sanjay_sen91@talentmind.ai,Cloud Solutions Architect,Flipkart,4.0,"[""CI/CD"", ""Redis"", ""Pandas"", ""PostgreSQL"", ""AWS"", ""JavaScript"", ""TypeScript""]","[{""degree"": ""M.Tech Software Engineering"", ""institution"": ""PES University"", ""year"": 2018}]","[{""title"": ""Google Cloud Professional Data Engineer"", ""issuer"": ""DeepLearning.AI"", ""year"": 2025}]","[{""title"": ""Project Beta"", ""description"": ""Developed an automated pipeline using CI/CD, Redis for scalable matching."", ""tech_stack"": [""CI/CD"", ""Redis"", ""Pandas""]}]","Logistics,Finance,Telecommunications","{""recent_certifications"": 1, ""recent_projects"": 1, ""github_commits"": 223, ""open_source_prs"": 0}",0.79,0.48,Remote,45.1
CAND0092,Rahul Dubey,rahul_dubey92@talentmind.ai,Data Scientist,Salesforce,9.8,"[""Kubernetes"", ""PyTorch"", ""Pandas"", ""Machine Learning"", ""Python"", ""MongoDB"", ""GCP"", ""Java"", ""Redis""]","[{""degree"": ""M.Sc Data Science"", ""institution"": ""VIT Vellore"", ""year"": 2013}]","[{""title"": ""TensorFlow Developer Certificate"", ""issuer"": ""AWS"", ""year"": 2024}]","[{""title"": ""Project Omega"", ""description"": ""Developed an automated pipeline using Kubernetes, PyTorch for scalable matching."", ""tech_stack"": [""Kubernetes"", ""PyTorch"", ""Pandas""]}]","EdTech,Healthcare","{""recent_certifications"": 1, ""recent_projects"": 1, ""github_commits"": 199, ""open_source_prs"": 2}",0.7,0.4,Mumbai,12.5
CAND0093,Dev Gupta,dev_gupta93@talentmind.ai,Data Scientist,Zomato,10.5,"[""PyTorch"", ""Pandas"", ""Machine Learning"", ""Spark"", ""Python"", ""CI/CD"", ""React"", ""GCP""]","[{""degree"": ""M.Tech Software Engineering"", ""institution"": ""PES University"", ""year"": 2011}]","[{""title"": ""AWS Certified Solutions Architect"", ""issuer"": ""DeepLearning.AI"", ""year"": 2024}]","[{""title"": ""Project Vanguard"", ""description"": ""Developed an automated pipeline using PyTorch, Pandas for scalable matching."", ""tech_stack"": [""PyTorch"", ""Pandas"", ""Machine Learning""]}]",Healthcare,"{""recent_certifications"": 1, ""recent_projects"": 1, ""github_commits"": 38, ""open_source_prs"": 4}",0.57,0.62,Bangalore,29.2
CAND0094,Meera Joshi,meera_joshi94@talentmind.ai,ML Engineer,CRED,13.5,"[""Terraform"", ""React"", ""PyTorch"", ""Pandas"", ""Machine Learning"", ""FastAPI"", ""Python"", ""TensorFlow"", ""MongoDB"", ""Kubernetes"", ""Java""]","[{""degree"": ""B.Sc CS"", ""institution"": ""IIT Delhi"", ""year"": 2008}]","[{""title"": ""AWS Certified Solutions Architect"", ""issuer"": ""DeepLearning.AI"", ""year"": 2025}]","[{""title"": ""Project Vanguard"", ""description"": ""Developed an automated pipeline using Terraform, React for scalable matching."", ""tech_stack"": [""Terraform"", ""React"", ""PyTorch""]}]","EdTech,Telecommunications,Logistics","{""recent_certifications"": 1, ""recent_projects"": 1, ""github_commits"": 20, ""open_source_prs"": 2}",0.94,0.9,Pune,42.2
CAND0095,Raj Kapoor,raj_kapoor95@talentmind.ai,Data Scientist,Salesforce,13.4,"[""PyTorch"", ""Pandas"", ""FastAPI"", ""Machine Learning"", ""JavaScript"", ""TensorFlow"", ""Python"", ""Docker"", ""MongoDB"", ""React""]","[{""degree"": ""B.Sc CS"", ""institution"": ""IIT Bombay"", ""year"": 2009}]","[{""title"": ""TensorFlow Developer Certificate"", ""issuer"": ""DeepLearning.AI"", ""year"": 2025}]","[{""title"": ""Project Alpha"", ""description"": ""Developed an automated pipeline using PyTorch, Pandas for scalable matching."", ""tech_stack"": [""PyTorch"", ""Pandas"", ""FastAPI""]}]",Telecommunications,"{""recent_certifications"": 1, ""recent_projects"": 1, ""github_commits"": 197, ""open_source_prs"": 6}",0.68,0.57,Hyderabad,34.1
CAND0096,Pooja Kapoor,pooja_kapoor96@talentmind.ai,Data Scientist,Razorpay,1.3,"[""PyTorch"", ""Pandas"", ""PostgreSQL"", ""Machine Learning"", ""FastAPI"", ""TensorFlow"", ""Python"", ""MongoDB"", ""CI/CD"", ""GCP""]","[{""degree"": ""B.Tech Computer Science"", ""institution"": ""Delhi University"", ""year"": 2020}]",[],"[{""title"": ""Project Omega"", ""description"": ""Developed an automated pipeline using PyTorch, Pandas for scalable matching."", ""tech_stack"": [""PyTorch"", ""Pandas"", ""PostgreSQL""]}]","E-commerce,Healthcare","{""recent_certifications"": 0, ""recent_projects"": 1, ""github_commits"": 63, ""open_source_prs"": 2}",0.41,0.72,Hyderabad,42.5
CAND0097,Aditi Mishra,aditi_mishra97@talentmind.ai,Frontend Developer,Amazon,2.5,"[""Deep Learning"", ""Redis"", ""Node.js"", ""AWS"", ""Pandas"", ""PyTorch"", ""Terraform"", ""TensorFlow""]","[{""degree"": ""M.Sc Data Science"", ""institution"": ""NIT Trichy"", ""year"": 2019}]",[],"[{""title"": ""Project Beta"", ""description"": ""Developed an automated pipeline using Deep Learning, Redis for scalable matching."", ""tech_stack"": [""Deep Learning"", ""Redis"", ""Node.js""]}]","E-commerce,Telecommunications,Logistics","{""recent_certifications"": 0, ""recent_projects"": 1, ""github_commits"": 107, ""open_source_prs"": 8}",0.74,0.84,Remote,35.8
CAND0098,Aisha Mishra,aisha_mishra98@talentmind.ai,Full Stack Developer,Infosys,5.1,"[""MongoDB"", ""TensorFlow"", ""Pandas"", ""Docker"", ""TypeScript"", ""Spark"", ""Node.js"", ""CI/CD"", ""Terraform"", ""Java""]","[{""degree"": ""M.Sc Data Science"", ""institution"": ""VIT Vellore"", ""year"": 2016}]",[],"[{""title"": ""Project Alpha"", ""description"": ""Developed an automated pipeline using MongoDB, TensorFlow for scalable matching."", ""tech_stack"": [""MongoDB"", ""TensorFlow"", ""Pandas""]}]","Healthcare,Telecommunications,SaaS","{""recent_certifications"": 0, ""recent_projects"": 1, ""github_commits"": 198, ""open_source_prs"": 8}",0.47,0.36,Remote,31.9
CAND0099,Kabir Bose,kabir_bose99@talentmind.ai,Senior ML Engineer,Adobe,1.9,"[""Terraform"", ""React"", ""PyTorch"", ""Pandas"", ""FastAPI"", ""Machine Learning"", ""Spark"", ""AWS"", ""Python"", ""Django"", ""GCP"", ""TypeScript""]","[{""degree"": ""M.Tech Software Engineering"", ""institution"": ""VIT Vellore"", ""year"": 2020}]",[],"[{""title"": ""Project Omega"", ""description"": ""Developed an automated pipeline using Terraform, React for scalable matching."", ""tech_stack"": [""Terraform"", ""React"", ""PyTorch""]}]","Telecommunications,SaaS,Logistics","{""recent_certifications"": 0, ""recent_projects"": 1, ""github_commits"": 88, ""open_source_prs"": 2}",0.64,0.72,Mumbai,27.7
CAND0100,Karan Kapoor,karan_kapoor100@talentmind.ai,Lead Data Scientist,Paytm,10.5,"[""Kubernetes"", ""PyTorch"", ""Pandas"", ""Machine Learning"", ""Node.js"", ""TensorFlow"", ""Python"", ""Docker"", ""React"", ""GCP""]","[{""degree"": ""B.Sc CS"", ""institution"": ""NIT Trichy"", ""year"": 2012}]",[],"[{""title"": ""Project Omega"", ""description"": ""Developed an automated pipeline using Kubernetes, PyTorch for scalable matching."", ""tech_stack"": [""Kubernetes"", ""PyTorch"", ""Pandas""]}]","Telecommunications,Finance","{""recent_certifications"": 0, ""recent_projects"": 1, ""github_commits"": 11, ""open_source_prs"": 1}",0.73,0.3,Bangalore,22.3
